advertising_spend,sales
93810,456346
13278,64414
42098,205118
28289,128162
98696,509221
21395,125673
65302,308592
13905,55665
38657,188532
76237,400638
13478,84171
36062,196023
64987,319381
68878,363008
46463,212740
30926,162326
54597,271195
30379,146005
54118,257288
22156,115678
22676,116906
55082,294975
44671,206202
70217,366227
26361,136612
20328,117818
48427,245835
85674,420971
19116,78583
96673,478300
47930,224879
40512,189179
59823,297332
69429,351054
31319,160855
56566,276560
97841,486701
99593,482644
89840,440415
80010,396093
31417,167379
59735,296366
93886,485930
38785,195177
17331,81665
14207,71708
62581,310451
18675,87201
84341,422327
37869,202062
61856,319351
28726,140989
28301,137667
83579,433217
44438,240501
66155,349017
62350,315473
38746,182795
76784,396263
21915,92662
24371,111871
92240,451684
99192,503626
88172,425023
60432,307169
88104,451194
79352,393236
82512,393312
99166,483337
99353,511955
44973,227158
24621,122339
66985,325290
69470,327562
44522,235416
33416,180351
23947,119293
93748,482010
89818,442125
30032,154664
31174,171218
79514,377607
88504,443763
74042,351486
24662,127098
50306,247222
17592,83745
84364,406981
21226,117979
19071,110266
26483,120829
96474,493518
82063,401136
44741,238286
89507,455265
37760,204143
36365,182253
62296,315952
67422,351029
69177,333815
